state,year,sector,sales_mwh,revenue_$,price_per_kwh
AK,2024,industrial,130040,14392100,0.11067441
AK,2024,industrial,52775,7514700,0.14239127999999998
AK,2024,industrial,819779,179535300,0.21900451
AK,2024,industrial,150301,18653400,0.12410696
AK,2024,industrial,22752,2361100,0.10377549
AK,2024,industrial,84636,14128000,0.1669266
AL,2024,industrial,20504435,1631001000,0.079543816
AL,2024,industrial,333519,21329000,0.063951379
AL,2024,industrial,4003,370000,0.092430677
AL,2024,industrial,3695,364900,0.098755074
AL,2024,industrial,8952,1088000,0.12153708999999999
AL,2024,industrial,29752,3137000,0.10543829
AL,2024,industrial,218731,13226000,0.060466966
AL,2024,industrial,463426,32055000,0.069169619
AL,2024,industrial,9433,712000,0.075479699
AL,2024,industrial,166069,12518000,0.075378307
AL,2024,industrial,117919,7239000,0.061389598000000004
AL,2024,industrial,28737,1765000,0.061419075999999996
AL,2024,industrial,466766,33338000,0.071423368
AL,2024,industrial,102752,7767000,0.07558977
AL,2024,industrial,22776,2352000,0.1032666
AL,2024,industrial,26048,1773000,0.068066646
AL,2024,industrial,96370,6671000,0.069222787
AL,2024,industrial,6490,480000,0.073959938
AL,2024,industrial,317249,20022000,0.06311131
AL,2024,industrial,11731,1465000,0.12488279000000001
AL,2024,industrial,21231,2631000,0.12392257000000001
AL,2024,industrial,66364,8551000,0.12884998
AL,2024,industrial,23724,2229800,0.093989209
AL,2024,industrial,274103,21828000,0.079634298
AL,2024,industrial,19807,1908000,0.09632958
AL,2024,industrial,532532,31357000,0.058882846
AL,2024,industrial,100948,10980000,0.10876887
AL,2024,industrial,45973,4446000,0.096708938
AL,2024,industrial,79431,6347000,0.07990583
AL,2024,industrial,45050,3471000,0.077047725
AL,2024,industrial,84609,6985000,0.082556229
AL,2024,industrial,872520,52702000,0.060402054
AL,2024,industrial,30154,2721000,0.090236785
AL,2024,industrial,145448,7232000,0.049722238
AL,2024,industrial,20008,1775000,0.088714514
AL,2024,industrial,67617,5673000,0.083899019
AL,2024,industrial,319756,17700000,0.055354707999999996
AL,2024,industrial,153956,17011000,0.11049260999999999
AL,2024,industrial,40406,4223000,0.10451418
AL,2024,industrial,141563,15139500,0.10694532000000001
AL,2024,industrial,5355914,247093500,0.046134703000000006
AR,2024,industrial,280289,16641900.000000002,0.059374075
AR,2024,industrial,15968,1569000,0.098259018
AR,2024,industrial,364278,27686000,0.076002394
AR,2024,industrial,577644,29367000,0.050839271000000005
AR,2024,industrial,39037,2993000,0.076670851
AR,2024,industrial,44823,4256000,0.094951253
AR,2024,industrial,322557,31745000,0.098416714
AR,2024,industrial,196645,15995000,0.08133947
AR,2024,industrial,125626,15705000,0.12501393
AR,2024,industrial,116217,7982800,0.068688746
AR,2024,industrial,92833,7938000,0.085508386
AR,2024,industrial,277336,18092000,0.06523495
AR,2024,industrial,71433,9790000,0.1370515
AR,2024,industrial,83712,6106500,0.072946531
AR,2024,industrial,9932422,632141600,0.063644255
AR,2024,industrial,505212,38310000,0.075829553
AR,2024,industrial,3129990,159029000,0.05080815
AR,2024,industrial,97849,7856800,0.080295149
AR,2024,industrial,1055315,73086000,0.069255151
AR,2024,industrial,118382,10796000,0.091196297
AR,2024,industrial,125576,11988000,0.095464101
AR,2024,industrial,290890,20974000,0.072102857
AR,2024,industrial,15440,2184000,0.14145078
AR,2024,industrial,109945,8571000,0.07795716
AR,2024,industrial,186236,13985000,0.075092893
AR,2024,industrial,1075933,72490300,0.067374363
AR,2024,industrial,104725,22703800,0.21679446
AZ,2024,industrial,1127,155400,0.1378882
AZ,2024,industrial,2051331,209390600,0.10207548
AZ,2024,industrial,61078,6210000,0.10167327
AZ,2024,industrial,222524,11621200,0.052224479
AZ,2024,industrial,391510,23288000,0.059482516
AZ,2024,industrial,91312,8203299.999999999,0.089838137
AZ,2024,industrial,2702496,123443600,0.045677625
AZ,2024,industrial,79935,6362000,0.079589667
AZ,2024,industrial,104004,10577000,0.10169800999999999
AZ,2024,industrial,4491678,346996000,0.077253089
AZ,2024,industrial,47879,5737000,0.11982289
AZ,2024,industrial,45234,3933700,0.086963346
AZ,2024,industrial,3029758,302414000,0.099814573
AZ,2024,industrial,114290,13686400,0.11975151
AZ,2024,industrial,6386,1002000,0.15690573
AZ,2024,industrial,216819,4193500,0.019341017000000002
CA,2024,industrial,17623,3689000,0.20932872
CA,2024,industrial,69575,16466800,0.23667697000000001
CA,2024,industrial,819612,127256000,0.15526371
CA,2024,industrial,61391,10455000,0.17030183999999998
CA,2024,industrial,153120,27500600,0.17960162000000002
CA,2024,industrial,27932,3232900,0.1157418
CA,2024,industrial,22759,5104200,0.22427171999999998
CA,2024,industrial,117724,18178900,0.15441966000000001
CA,2024,industrial,15208,3621000,0.23809837
CA,2024,industrial,115063,21843000,0.18983513
CA,2024,industrial,12638,2531000,0.20026903000000001
CA,2024,industrial,928560,136098000,0.14656888
CA,2024,industrial,190320,24554800,0.1290185
CA,2024,industrial,4309793,651648200,0.15120174
CA,2024,industrial,140150,23466500,0.16743846
CA,2024,industrial,638818,105950500,0.16585397000000002
CA,2024,industrial,1059,148200,0.13994334
CA,2024,industrial,88354,18371000,0.20792494
CA,2024,industrial,1049637,216919000,0.20666097
CA,2024,industrial,167623,26091700,0.15565704
CA,2024,industrial,808929,99166800,0.12259024
CA,2024,industrial,134944,21291400,0.15777952
CA,2024,industrial,7835738,2597539000,0.33149896
CA,2024,industrial,1549024,208942200,0.13488635000000002
CA,2024,industrial,545010,143087500,0.26254105
CA,2024,industrial,3271801,673107000,0.20572980999999999
CA,2024,industrial,59888,7136200,0.1191591
CA,2024,industrial,863283,109861000,0.12725954
CA,2024,industrial,9010,1053700,0.11694784
CA,2024,industrial,1856379,53847700,0.029006846
CO,2024,industrial,351971,34814000,0.098911558
CO,2024,industrial,64652,6057000,0.093686197
CO,2024,industrial,1811428,165911000,0.091591275
CO,2024,industrial,453613,38469900,0.084807755
CO,2024,industrial,74720,6501200,0.087007495
CO,2024,industrial,136584,12141800,0.08889621
CO,2024,industrial,328791,32394800,0.098527028
CO,2024,industrial,118410,10860900,0.091722827
CO,2024,industrial,320361,22918700,0.071540231
CO,2024,industrial,11598,1399000,0.12062424999999999
CO,2024,industrial,161661,17191400,0.10634228
CO,2024,industrial,293349,30921100,0.10540721
CO,2024,industrial,66272,6631000,0.10005734000000001
CO,2024,industrial,77042,8561300,0.1111251
CO,2024,industrial,309449,24757000,0.08000349
CO,2024,industrial,449468,34711100,0.077227077
CO,2024,industrial,146336,18153400,0.12405286
CO,2024,industrial,41723,3532000,0.084653548
CO,2024,industrial,138797,11898400,0.085725196
CO,2024,industrial,593532,43397900,0.073118046
CO,2024,industrial,5839189,451516200,0.077325156
CO,2024,industrial,142193,10293000,0.07238753
CO,2024,industrial,80709,15813000,0.1959261
CO,2024,industrial,1297,213000,0.16422513
CO,2024,industrial,40269,5467000,0.135762
CO,2024,industrial,1811226,171766000,0.094834107
CO,2024,industrial,20285,527400,0.025999506999999998
CO,2024,industrial,481136,40223300,0.083600687
CO,2024,industrial,186281,24790000,0.13307852
CO,2024,industrial,175991,13975700,0.079411447
CT,2024,industrial,179941,17288000,0.096075936
CT,2024,industrial,12973,2382100,0.18361982999999998
CT,2024,industrial,120635,25821500,0.2140465
CT,2024,industrial,184750,25015100,0.13539973
CT,2024,industrial,114529,12610100,0.11010399
CT,2024,industrial,39284,6897000,0.17556766
DE,2024,industrial,281006,26276000,0.0935069
DE,2024,industrial,90239,10676100,0.11830916
DE,2024,industrial,250502,30063600,0.12001341
DE,2024,industrial,1076,86000,0.079925651
DE,2024,industrial,4692,873000,0.18606138000000003
DE,2024,industrial,16425,1453700,0.088505327
DE,2024,industrial,164300,21377500,0.1301126
FL,2024,industrial,72824,6903000,0.094790179
FL,2024,industrial,15545,1339000,0.086137022
FL,2024,industrial,64218,6484100,0.10097013
FL,2024,industrial,165753,12669400,0.076435419
FL,2024,industrial,701589,51547000,0.07347179
FL,2024,industrial,8245,1107300,0.13429958
FL,2024,industrial,580635,54207800,0.093359512
FL,2024,industrial,429338,28888500,0.067286148
FL,2024,industrial,3286894,318169200,0.096799349
FL,2024,industrial,212323,27398000,0.12903925
FL,2024,industrial,4837136,388560000,0.080328525
FL,2024,industrial,77249,4625000,0.059871325
FL,2024,industrial,176908,22523000,0.12731476
FL,2024,industrial,110139,15161000,0.13765333
FL,2024,industrial,2690679,213552000,0.079367327
FL,2024,industrial,150994,16633400.000000002,0.11015934
FL,2024,industrial,738,169000,0.22899729000000002
FL,2024,industrial,1033135,92054800,0.089102392
FL,2024,industrial,102096,7948000,0.0778483
FL,2024,industrial,113188,9758000,0.086210552
FL,2024,industrial,2018713,162399700,0.080447146
FL,2024,industrial,139571,10381700,0.074382931
FL,2024,industrial,119487,8701000,0.072819637
FL,2024,industrial,309972,16810600,0.05423264
GA,2024,industrial,595,16100.000000000002,0.027058824000000002
GA,2024,industrial,8400,1234200,0.14692857
GA,2024,industrial,67944,7201100,0.10598581
GA,2024,industrial,274301,20373000,0.074272423
GA,2024,industrial,334806,23748000,0.070930628
GA,2024,industrial,99548,10169300,0.10215474000000001
GA,2024,industrial,238785,21020400,0.088030655
GA,2024,industrial,261013,18542700,0.071041289
GA,2024,industrial,46345,1902000,0.041040026
GA,2024,industrial,163399,12662100,0.077491906
GA,2024,industrial,49294,4209600,0.085397817
GA,2024,industrial,89710,8940400,0.099658901
GA,2024,industrial,197311,15841000,0.080284424
GA,2024,industrial,648,85200,0.13148148
GA,2024,industrial,53538,3554000,0.066382756
GA,2024,industrial,497206,16697300,0.033582258000000004
GA,2024,industrial,35228,2854800,0.081037811
GA,2024,industrial,175213,13704500,0.078216228
GA,2024,industrial,144838,11620100,0.080228255
GA,2024,industrial,318604,34323900,0.10773217
GA,2024,industrial,180387,13997400,0.077596501
GA,2024,industrial,121918,11350200,0.093097
GA,2024,industrial,1160079,63892000,0.05507556
GA,2024,industrial,132718,9381100,0.070684459
GA,2024,industrial,30314,4267000,0.14076004
GA,2024,industrial,193993,15512100,0.079962164
GA,2024,industrial,23654325,1678490600,0.070959142
GA,2024,industrial,4691,769100,0.16395225
GA,2024,industrial,475798,42802300,0.089958974
GA,2024,industrial,10816,1247700,0.11535688000000001
GA,2024,industrial,26200,2519300,0.096156489
GA,2024,industrial,841910,60589100,0.071966243
GA,2024,industrial,106602,9299000,0.087231009
GA,2024,industrial,64220,6279000,0.097773279
GA,2024,industrial,181624,13126000,0.072270185
GA,2024,industrial,73479,5904100,0.080350849
GA,2024,industrial,227268,8384700.000000001,0.036893446999999996
GA,2024,industrial,23288,3614000,0.15518722000000001
GA,2024,industrial,12989,1050000,0.080837632
GA,2024,industrial,284208,14410300,0.050703358
GA,2024,industrial,223443,16723599.999999998,0.074845039
GA,2024,industrial,219312,16211000,0.073917524
GA,2024,industrial,25119,2825000,0.11246467
GA,2024,industrial,31350,3567900,0.11380860999999999
GA,2024,industrial,47313,9561500,0.20209033
GA,2024,industrial,52105,3599400,0.069079743
GA,2024,industrial,145055,9448500,0.065137362
GA,2024,industrial,186394,12588100,0.067534899
HI,2024,industrial,253488,100706000,0.39728113
HI,2024,industrial,2681210,880036400,0.32822360000000006
HI,2024,industrial,160503,59535500,0.37093076
HI,2024,industrial,366644,141409500,0.38568612
IA,2024,industrial,283550,19476300,0.068687357
IA,2024,industrial,51780,5506000,0.10633449
IA,2024,industrial,637771,40733900,0.063869163
IA,2024,industrial,213587,18578300,0.086982354
IA,2024,industrial,65608,4760000,0.072552128
IA,2024,industrial,145193,11868200,0.081740855
IA,2024,industrial,14770,1124300,0.076120515
IA,2024,industrial,13518,1462000,0.10815208999999999
IA,2024,industrial,101506,6599000,0.065010935
IA,2024,industrial,36964,3100000,0.083865383
IA,2024,industrial,204507,15165500,0.074156386
IA,2024,industrial,98,15000,0.15306122
IA,2024,industrial,239067,16048900,0.06713139
IA,2024,industrial,6072390,497215000,0.081881269
IA,2024,industrial,302707,23016600,0.076035903
IA,2024,industrial,159962,14648000,0.091571748
IA,2024,industrial,10918,982400,0.08997985
IA,2024,industrial,93804,7476000,0.079698094
IA,2024,industrial,16992820,1027827700,0.060485999
IA,2024,industrial,238479,16823000,0.070542899
IA,2024,industrial,6420,555100,0.086464174
IA,2024,industrial,275987,23838700,0.08637617
ID,2024,industrial,1127955,62626000,0.055521719000000004
ID,2024,industrial,59060,3420800,0.057920759
ID,2024,industrial,5343487,435328700,0.081469029
ID,2024,industrial,9,2100,0.23333333
ID,2024,industrial,27592,2100200,0.076116266
ID,2024,industrial,48369,2395000,0.049515184999999996
ID,2024,industrial,30506,1703000,0.055825084
ID,2024,industrial,2349648,194829400,0.082918548
ID,2024,industrial,151702,7971000,0.052543803
ID,2024,industrial,42779,2485000,0.058089249
ID,2024,industrial,190500,10447000,0.054839895
IL,2024,industrial,582773,27709500,0.047547673
IL,2024,industrial,184363,17254000,0.093587108
IL,2024,industrial,155527,11973000,0.076983418
IL,2024,industrial,89472,9547700,0.1067116
IL,2024,industrial,116965,11246000,0.09614842
IL,2024,industrial,189472,19276000,0.10173534999999999
IL,2024,industrial,35779,4120000,0.11515135000000001
IL,2024,industrial,1608690,118395100,0.073597213
IL,2024,industrial,71364,5266000,0.073790707
IL,2024,industrial,19230,2456000,0.12771711
IL,2024,industrial,78850,8831000,0.11199746
IL,2024,industrial,40486,7958700,0.19657906
IL,2024,industrial,583844,30217100,0.051755434999999995
IL,2024,industrial,22680,3872000,0.17072310000000002
IL,2024,industrial,23621,3595000,0.15219507999999998
IL,2024,industrial,312532,32758000,0.10481486999999999
IL,2024,industrial,48112,5181000,0.10768623
IL,2024,industrial,85641,9406400,0.10983523999999999
IL,2024,industrial,332808,34575000,0.10388873
IL,2024,industrial,67331,7811300,0.11601343
IL,2024,industrial,113794,11058200,0.097177356
IL,2024,industrial,161705,14442100,0.0893114
IN,2024,industrial,6041240,615907200,0.10195045999999999
IN,2024,industrial,2639245,159579900,0.060464224
IN,2024,industrial,225890,21346200,0.094498207
IN,2024,industrial,113424,9743000,0.085898928
IN,2024,industrial,282496,24779100,0.08771487
IN,2024,industrial,256272,44960000,0.1754386
IN,2024,industrial,204465,17706000,0.086596728
IN,2024,industrial,231024,20866000,0.09031962
IN,2024,industrial,155681,16478000,0.10584464
IN,2024,industrial,98194,11042500,0.11245595
IN,2024,industrial,142004,14944200,0.10523787999999999
IN,2024,industrial,240286,18109000,0.075364357
IN,2024,industrial,68191,7734000,0.11341673000000001
IN,2024,industrial,526028,51493300,0.097890797
IN,2024,industrial,50276,5546000,0.11031107999999999
IN,2024,industrial,250829,27581300,0.10996057000000001
IN,2024,industrial,251524,20633000,0.082031933
IN,2024,industrial,200436,17903000,0.089320282
IN,2024,industrial,102774,10675000,0.10386867999999999
IN,2024,industrial,9197328,724778000,0.078803105
IN,2024,industrial,61322,7020000,0.11447768
IN,2024,industrial,239060,21479000,0.089847737
IN,2024,industrial,66334,5749100,0.086668978
IN,2024,industrial,6532162,551230300,0.084387114
IN,2024,industrial,43890,4609000,0.10501253
IN,2024,industrial,47550,3584600,0.07538591
IN,2024,industrial,96748,7619300,0.078754083
IN,2024,industrial,24748,2750700,0.11114838
IN,2024,industrial,260404,27723800,0.10646457
IN,2024,industrial,23383,2940000,0.12573237
IN,2024,industrial,50327,5438100,0.10805532
IN,2024,industrial,1160541,52811000,0.045505501
IN,2024,industrial,7984846,500011700,0.062620081
IN,2024,industrial,32670,5312100,0.16259871
IN,2024,industrial,185616,15849000,0.085385958
IN,2024,industrial,82227,9171000,0.11153271000000001
IN,2024,industrial,84169,7245500,0.086082762
IN,2024,industrial,2233775,191142000,0.085569048
IN,2024,industrial,290286,22573000,0.077761242
IN,2024,industrial,100771,8789000,0.087217553
IN,2024,industrial,40758,4051900,0.099413612
IN,2024,industrial,277437,28797200,0.10379726
IN,2024,industrial,49751,4286000,0.086149022
KS,2024,industrial,12621,1121000,0.08882022
KS,2024,industrial,84042,7062200,0.084031794
KS,2024,industrial,193791,14515000,0.074900279
KS,2024,industrial,687658,41416200,0.060227904
KS,2024,industrial,134771,13072000,0.09699416
KS,2024,industrial,507713,49823000,0.098132212
KS,2024,industrial,953740,49126000,0.051508797
KS,2024,industrial,86312,6348000,0.073547131
KS,2024,industrial,63055,6039600,0.095783047
KS,2024,industrial,1869300,170020900,0.090954314
KS,2024,industrial,3416549,260844900,0.076347478
KS,2024,industrial,241033,23731600,0.098457888
KS,2024,industrial,22544,2040000,0.090489709
KS,2024,industrial,837215,65123900,0.077786351
KS,2024,industrial,577679,34343000,0.059449971000000004
KS,2024,industrial,273417,20861600,0.076299572
KS,2024,industrial,484602,27687000,0.057133483
KS,2024,industrial,383,68000,0.17754569
KS,2024,industrial,467106,32183000,0.068898708
KS,2024,industrial,430,1100,0.00255814
KS,2024,industrial,11558,1541000,0.13332757
KS,2024,industrial,80382,8667000,0.10782265
KY,2024,industrial,16422,1582000,0.096334186
KY,2024,industrial,360852,26937000,0.074648332
KY,2024,industrial,15345,1263000,0.08230694
KY,2024,industrial,42680,3034800,0.071105904
KY,2024,industrial,108410,7663000,0.070685361
KY,2024,industrial,174757,14613000,0.083618968
KY,2024,industrial,117986,6842000,0.057989930999999995
KY,2024,industrial,16980,1490000,0.087750294
KY,2024,industrial,9528,735000,0.077141058
KY,2024,industrial,146284,8533000,0.058331738
KY,2024,industrial,11126,1117000,0.10039547
KY,2024,industrial,41987,2709000,0.06451997
KY,2024,industrial,296228,27326100,0.09224685
KY,2024,industrial,27805,3407700,0.12255709
KY,2024,industrial,35725,3216000,0.090020994
KY,2024,industrial,13891,1195000,0.086026924
KY,2024,industrial,82738,7742000,0.093572482
KY,2024,industrial,720270,70765300,0.098248296
KY,2024,industrial,93053,8969000,0.096385931
KY,2024,industrial,566455,36410000,0.064276951
KY,2024,industrial,12593,740000,0.058762805
KY,2024,industrial,28163,2311000,0.082058019
KY,2024,industrial,289919,23102500,0.07968605
KY,2024,industrial,173229,12989000,0.074981672
KY,2024,industrial,189286,15325100,0.08096267
KY,2024,industrial,43136,5034100,0.11670299
KY,2024,industrial,4473950,221866000,0.049590630000000004
KY,2024,industrial,2016139,167645000,0.083151509
KY,2024,industrial,6125648,435621600,0.07111437
KY,2024,industrial,11175,987000,0.088322148
KY,2024,industrial,2379447,178818000,0.075151075
KY,2024,industrial,64076,6570000,0.10253448999999999
KY,2024,industrial,527878,21733200,0.041170877
KY,2024,industrial,131740,8879000,0.067397905
KY,2024,industrial,1835475,111628000,0.060816955000000006
KY,2024,industrial,368318,25287000,0.068655347
KY,2024,industrial,223716,18662100,0.083418709
KY,2024,industrial,136815,11488000,0.083967401
KY,2024,industrial,359034,34780000,0.096871048
KY,2024,industrial,118953,6532000,0.054912444000000005
KY,2024,industrial,3937347,161223700,0.040947293
KY,2024,industrial,65125,4673000,0.071754319
KY,2024,industrial,918438,64725000,0.070472912
KY,2024,industrial,248852,9810000,0.039421021
LA,2024,industrial,704923,52235000,0.074100292
LA,2024,industrial,5167,479800,0.092858525
LA,2024,industrial,74927,3437100,0.045872649
LA,2024,industrial,25146,1299000,0.051658315
LA,2024,industrial,221528,24600200,0.11104781
LA,2024,industrial,2274844,177175000,0.077884462
LA,2024,industrial,9665,1710400,0.17696843999999998
LA,2024,industrial,282790,29496000,0.10430355000000001
LA,2024,industrial,34520048,1781614900,0.051611019999999994
LA,2024,industrial,395547,29612200,0.074863923
LA,2024,industrial,62890,6186000,0.09836222
LA,2024,industrial,12710,2472000,0.19449253
LA,2024,industrial,26588,2016500,0.075842485
LA,2024,industrial,42368,4789000,0.11303342000000001
LA,2024,industrial,52306,6840000,0.13076894
LA,2024,industrial,253487,24458600,0.096488577
LA,2024,industrial,1161708,98847700,0.085088249
LA,2024,industrial,442573,24906000,0.056275462000000005
LA,2024,industrial,1949,297900,0.15284761
MA,2024,industrial,121566,17334700,0.14259497
MA,2024,industrial,46317,5370000,0.11594015
MA,2024,industrial,124942,19512300,0.15617086
MA,2024,industrial,244352,39206700,0.16045173
MA,2024,industrial,192022,36670000,0.1909677
MA,2024,industrial,121574,21601000,0.17767779
MA,2024,industrial,86673,20703100,0.23886447
MA,2024,industrial,61989,15711000,0.25344819
MA,2024,industrial,25,7600,0.304
MA,2024,industrial,18339,2774000,0.15126234
MA,2024,industrial,163111,21753700,0.13336746
MA,2024,industrial,68689,10337200,0.15049279999999998
MA,2024,industrial,112087,15052100,0.13428943999999998
MA,2024,industrial,118663,17313800,0.14590731999999998
MA,2024,industrial,43896,5972500,0.13606023
MA,2024,industrial,65305,9793400,0.14996402
MA,2024,industrial,96656,11705000,0.12109956999999999
MA,2024,industrial,42493,6148400,0.14469207
MD,2024,industrial,131159,19509200,0.14874465
MD,2024,industrial,122803,13602000,0.11076277
MD,2024,industrial,1651,256600.00000000003,0.15542096
MD,2024,industrial,6725,1309500,0.19472119
MD,2024,industrial,67177,4575400,0.068109621
MD,2024,industrial,267,60600,0.22696629000000001
MD,2024,industrial,70569,9150700,0.12967025
ME,2024,industrial,78155,15916000,0.2036466
ME,2024,industrial,13908,1841300,0.13239143
ME,2024,industrial,22583,2328300,0.10309968
ME,2024,industrial,4514,557700,0.12354896
ME,2024,industrial,38146,6059400,0.15884759
MI,2024,industrial,31953,4014900,0.12565017
MI,2024,industrial,109161,7916100,0.072517657
MI,2024,industrial,9458,1188900,0.12570311
MI,2024,industrial,53589,6305800,0.11766966999999999
MI,2024,industrial,98639,11486400,0.11644887000000001
MI,2024,industrial,626843,47715000,0.076119539
MI,2024,industrial,502945,67691000,0.13458926999999998
MI,2024,industrial,119701,12594800,0.10521884
MI,2024,industrial,131746,10541000,0.080010019
MI,2024,industrial,337768,26869500,0.079550165
MI,2024,industrial,155658,13725300,0.088176001
MI,2024,industrial,389221,35346400,0.090813188
MI,2024,industrial,8543269,718552900,0.084107489
MI,2024,industrial,8554762,714756900,0.083550764
MI,2024,industrial,528391,50799400,0.09613979
MI,2024,industrial,537045,62424000,0.11623607
MI,2024,industrial,30745,2267000,0.073735567
MI,2024,industrial,32156,3995000,0.12423809000000001
MI,2024,industrial,97385,10200700,0.10474610999999999
MI,2024,industrial,1454941,87396400,0.06006869
MI,2024,industrial,277964,25166000,0.090536904
MI,2024,industrial,122927,10296300,0.083759467
MN,2024,industrial,6203291,555452300,0.089541551
MN,2024,industrial,105823,9562000,0.090358429
MN,2024,industrial,79159,7500000,0.094746018
MN,2024,industrial,70,19000,0.27142857
MN,2024,industrial,168628,15171000,0.089967265
MN,2024,industrial,101516,12314000,0.12130108
MN,2024,industrial,123984,11605000,0.093600787
MN,2024,industrial,124897,16147900,0.12928973
MN,2024,industrial,184109,21712000,0.11793013999999999
MN,2024,industrial,376076,23237700,0.061789904
MN,2024,industrial,199268,17386800,0.087253347
MN,2024,industrial,236195,24581000,0.10407079
MN,2024,industrial,110098,8579600,0.077926938
MN,2024,industrial,183925,14463100,0.078635857
MN,2024,industrial,108624,10786200,0.099298498
MN,2024,industrial,5853,911000,0.15564667999999998
MN,2024,industrial,111872,9302500,0.083153068
MN,2024,industrial,274396,20625000,0.07516509
MN,2024,industrial,161038,14015000,0.087029148
MN,2024,industrial,27476,2791200,0.10158684
MN,2024,industrial,109141,8644000,0.079200301
MN,2024,industrial,141366,12879200,0.091105358
MN,2024,industrial,105722,8417600,0.079620136
MN,2024,industrial,13372,1912700,0.14303769
MN,2024,industrial,32052,2643300,0.082469113
MN,2024,industrial,69687,5430200,0.077922712
MN,2024,industrial,33606,4019000,0.11959174
MN,2024,industrial,79080,6461800,0.08171219
MN,2024,industrial,6838715,666241200,0.097421986
MN,2024,industrial,1209723,65278500,0.053961527
MN,2024,industrial,52974,5700600,0.10761127999999999
MN,2024,industrial,90802,11687200,0.12871082
MN,2024,industrial,14291,1558000,0.10901966
MN,2024,industrial,273774,34037000,0.12432517000000001
MN,2024,industrial,48973,4778800,0.097580299
MN,2024,industrial,100573,6626000,0.065882493
MN,2024,industrial,50919,4983900,0.097878984
MN,2024,industrial,160761,15331900,0.095370768
MN,2024,industrial,10833,987700,0.091175113
MN,2024,industrial,94111,8620000,0.091593969
MN,2024,industrial,47318,4828100,0.10203517
MO,2024,industrial,20851,1504000,0.072130833
MO,2024,industrial,42439,4296000,0.10122764000000001
MO,2024,industrial,113698,8177700,0.071924748
MO,2024,industrial,1286811,80790300,0.062783346
MO,2024,industrial,447202,35592800,0.079589984
MO,2024,industrial,139595,13494000,0.096665353
MO,2024,industrial,270015,26415000,0.097827898
MO,2024,industrial,79100,6399800,0.080907712
MO,2024,industrial,118666,10804000,0.091045455
MO,2024,industrial,59664,6366000,0.10669751
MO,2024,industrial,5835,956000,0.1638389
MO,2024,industrial,85081,7937000,0.093287573
MO,2024,industrial,118112,12858400,0.10886616
MO,2024,industrial,56466,3971000,0.070325506
MO,2024,industrial,145779,11779000,0.08080039
MO,2024,industrial,114137,7237000,0.063406257
MO,2024,industrial,11275,1009000,0.089490022
MO,2024,industrial,84733,8496000,0.10026790000000001
MO,2024,industrial,3301,245400,0.074341109
MO,2024,industrial,236182,19109900,0.080911754
MO,2024,industrial,949398,91307500,0.096174102
MO,2024,industrial,1467831,108174400,0.073696768
MO,2024,industrial,1390662,95662900,0.068789469
MO,2024,industrial,76136,5379700,0.070659084
MO,2024,industrial,39743,3214000,0.080869587
MO,2024,industrial,46483,4415200,0.094985263
MO,2024,industrial,45130,3100000,0.06869045
MO,2024,industrial,22638,2307000,0.10190830000000001
MO,2024,industrial,84431,6047800,0.071630088
MO,2024,industrial,127614,8584000,0.067265347
MO,2024,industrial,49514,3475000,0.070182171
MO,2024,industrial,25177,2240000,0.088970092
MO,2024,industrial,11147,948100,0.085054275
MO,2024,industrial,44888,6016500,0.13403359
MO,2024,industrial,91488,6726900,0.073527676
MO,2024,industrial,26377,2560500,0.097073208
MO,2024,industrial,4094258,311205800,0.076010305
MO,2024,industrial,56878,5391000,0.094781814
MS,2024,industrial,192010,13497000,0.070293214
MS,2024,industrial,259874,15258000,0.058713069
MS,2024,industrial,191348,13292000,0.069465058
MS,2024,industrial,127260,7185000,0.056459217
MS,2024,industrial,35349,3039000,0.085971315
MS,2024,industrial,37207,2236000,0.060096218
MS,2024,industrial,5463,564000,0.10323998
MS,2024,industrial,1214,257000,0.21169687
MS,2024,industrial,101378,6433000,0.063455582
MS,2024,industrial,5372,548000,0.10201041999999999
MS,2024,industrial,25901,1891000,0.073008764
MS,2024,industrial,126285,7522000,0.059563685
MS,2024,industrial,28137,1844000,0.065536482
MS,2024,industrial,39697,3006000,0.075723606
MS,2024,industrial,239498,16642000,0.06948701
MS,2024,industrial,261741,36156700,0.13813923
MS,2024,industrial,91800,8661600,0.094352941
MS,2024,industrial,2357445,195193900,0.08279892
MS,2024,industrial,35885,3027900,0.084377874
MS,2024,industrial,46851,3189000,0.06806685
MS,2024,industrial,133423,11344000,0.085022822
MS,2024,industrial,4735309,334964000,0.070737517
MS,2024,industrial,22187,2440000,0.10997431
MS,2024,industrial,59614,4679000,0.078488275
MS,2024,industrial,208810,14560000,0.069728461
MS,2024,industrial,123663,12376100,0.10007925000000001
MS,2024,industrial,52042,3909000,0.075112409
MS,2024,industrial,70502,6198000,0.0879124
MS,2024,industrial,78433,7570800,0.096525697
MS,2024,industrial,639465,59628600,0.093247637
MS,2024,industrial,110243,10637000,0.096486852
MS,2024,industrial,59845,5328000,0.089029994
MS,2024,industrial,4390621,192528300,0.043849901999999996
MS,2024,industrial,79355,7176000,0.090429084
MS,2024,industrial,193632,10039000,0.051845769
MS,2024,industrial,212246,16673000,0.078555073
MS,2024,industrial,403996,27942400,0.069165041
MT,2024,industrial,159470,10185900,0.063873456
MT,2024,industrial,4227,616000,0.14572983
MT,2024,industrial,219676,13173800,0.059969227
MT,2024,industrial,232506,23751200,0.10215306
MT,2024,industrial,150,37200,0.248
MT,2024,industrial,15268,1361200,0.089153786
MT,2024,industrial,262981,21765000,0.082762633
MT,2024,industrial,418827,45087000,0.10765065
MT,2024,industrial,5016,435000,0.086722488
MT,2024,industrial,71449,4920300,0.068864505
MT,2024,industrial,15065,1073000,0.071224693
MT,2024,industrial,32930,186200,0.005654418
MT,2024,industrial,9497,1170000,0.1231968
NC,2024,industrial,6942,623000,0.08974359
NC,2024,industrial,101301,7516000,0.074194727
NC,2024,industrial,25511,1339000,0.052487162
NC,2024,industrial,46520,3639400,0.078233018
NC,2024,industrial,26186,2043800,0.078049339
NC,2024,industrial,154868,13493900,0.087131622
NC,2024,industrial,110891,8275600,0.074628239
NC,2024,industrial,166762,13801900,0.082764059
NC,2024,industrial,24503,2397700,0.097853324
NC,2024,industrial,22994,2334000,0.10150474000000001
NC,2024,industrial,433741,28627000,0.066000217
NC,2024,industrial,117702,8391000,0.071290207
NC,2024,industrial,17226,1365700,0.079281319
NC,2024,industrial,144105,11255000,0.078102772
NC,2024,industrial,123599,10782000,0.087233715
NC,2024,industrial,20440,2203800,0.10781800000000001
NC,2024,industrial,390176,32470000,0.083218855
NC,2024,industrial,11510418,897842900,0.078002632
NC,2024,industrial,7420795,584029400,0.078701729
NC,2024,industrial,19724,1620600,0.082163861
NC,2024,industrial,415022,24199000,0.058307752
NC,2024,industrial,364666,25043000,0.0686738
NC,2024,industrial,280756,18902100,0.067325721
NC,2024,industrial,84738,7050500,0.083203521
NC,2024,industrial,371973,25038800,0.067313488
NC,2024,industrial,6396,757000,0.11835522
NC,2024,industrial,35040,3000500,0.085630708
NC,2024,industrial,148381,12715600,0.085695608
NC,2024,industrial,12731,1205300,0.094674417
NC,2024,industrial,23916,2224400,0.093008864
NC,2024,industrial,18392,1757300,0.095546977
NC,2024,industrial,33080,3648000,0.11027811
NC,2024,industrial,206080,16403000,0.079595303
NC,2024,industrial,10794,831000,0.076987215
NC,2024,industrial,2697,380600,0.14111976
NC,2024,industrial,21145,1891000,0.089430125
NC,2024,industrial,149600,14035700,0.093821524
NC,2024,industrial,134646,9078500,0.067424951
NC,2024,industrial,265579,13294000,0.050056669
NC,2024,industrial,86278,7748000,0.089802731
NC,2024,industrial,91015,7452200,0.081878811
NC,2024,industrial,168566,9287000,0.055094146999999996
NC,2024,industrial,1426457,116003100,0.081322535
NC,2024,industrial,49165,2326100,0.047312111999999996
ND,2024,industrial,1170657,56625200,0.048370445000000005
ND,2024,industrial,159041,19542000,0.12287398
ND,2024,industrial,1096,139800,0.12755474
ND,2024,industrial,264216,27523000,0.10416856
ND,2024,industrial,546465,42500500,0.077773508
ND,2024,industrial,138625,13464800,0.097131109
ND,2024,industrial,4389359,282799400,0.064428405
ND,2024,industrial,91186,6834000,0.074945715
ND,2024,industrial,259531,19849000,0.076480266
ND,2024,industrial,4471060,346441400,0.077485294
ND,2024,industrial,813668,64254000,0.078968326
ND,2024,industrial,14595,1142300,0.07826653
ND,2024,industrial,137098,11527000,0.084078542
ND,2024,industrial,387480,32920900,0.084961546
ND,2024,industrial,13841,1017500,0.073513474
ND,2024,industrial,271288,23006000,0.084802866
ND,2024,industrial,141610,10621000,0.075001765
ND,2024,industrial,215519,15000600,0.069602216
ND,2024,industrial,5710,64700,0.011330998000000002
NE,2024,industrial,107000,9492000,0.08871028
NE,2024,industrial,41841,5323500,0.12723166
NE,2024,industrial,306725,27659500,0.090176869
NE,2024,industrial,290405,24301000,0.083679689
NE,2024,industrial,198798,14563000,0.073255264
NE,2024,industrial,138556,9388100,0.067756719
NE,2024,industrial,34849,2112000,0.060604322
NE,2024,industrial,195427,17012600,0.087053478
NE,2024,industrial,107359,13963900,0.13006734
NE,2024,industrial,234786,29430000,0.12534819
NE,2024,industrial,199904,18713000,0.093609933
NE,2024,industrial,91909,10736600,0.11681772
NE,2024,industrial,61317,8391100,0.13684786000000002
NE,2024,industrial,469694,33439000,0.07119316
NE,2024,industrial,633215,41211100,0.065082318
NE,2024,industrial,170878,23044200,0.13485761999999998
NE,2024,industrial,1906518,86141000,0.045182369
NE,2024,industrial,611419,43813500,0.071658715
NE,2024,industrial,20960,3718000,0.1773855
NE,2024,industrial,3213379,225964000,0.070319748
NE,2024,industrial,269584,20456200,0.075880616
NE,2024,industrial,77683,8984000,0.1156495
NE,2024,industrial,770360,49092900,0.063727218
NE,2024,industrial,135157,13469200,0.099655956
NE,2024,industrial,3300,24800,0.007515152
NE,2024,industrial,5030,868000,0.17256461
NH,2024,industrial,7911,1398000,0.17671596999999997
NH,2024,industrial,13584,2299000,0.16924323000000002
NH,2024,industrial,53885,10417500,0.19332838
NH,2024,industrial,14779,2889100,0.19548684000000002
NJ,2024,industrial,81298,11195400,0.13770818
NJ,2024,industrial,228824,30946300,0.13524062
NJ,2024,industrial,187495,25978700,0.13855676
NJ,2024,industrial,1257792,105299500,0.083717737
NJ,2024,industrial,34662,4295700,0.12393111
NM,2024,industrial,78907,6203000,0.07861153
NM,2024,industrial,782215,56364100,0.072057043
NM,2024,industrial,260889,17908000,0.068642219
NM,2024,industrial,300073,19670000,0.065550716
NM,2024,industrial,80423,4654000,0.057869018
NM,2024,industrial,176577,16148200,0.091451322
NM,2024,industrial,21075,2544100,0.12071649000000001
NM,2024,industrial,18551,2216700,0.11949221
NM,2024,industrial,311348,20645000,0.066308439
NM,2024,industrial,368103,31036800,0.084315531
NM,2024,industrial,1992,475000,0.23845382
NM,2024,industrial,640,63000,0.0984375
NM,2024,industrial,2607603,146685600,0.056253042
NM,2024,industrial,419,60000,0.14319809
NM,2024,industrial,91058,11146000,0.1224055
NM,2024,industrial,267928,21005200,0.078398674
NM,2024,industrial,7656710,342374000,0.04471555
NM,2024,industrial,163717,11994000,0.073260565
NM,2024,industrial,70263,1832900,0.026086276000000002
NV,2024,industrial,933,120000,0.12861736000000001
NV,2024,industrial,434730,30259600,0.069605502
NV,2024,industrial,5715958,576846000,0.10091852
NV,2024,industrial,109749,12338200,0.11242198
NV,2024,industrial,4630,238000,0.051403888
NV,2024,industrial,2280204,222328500,0.097503776
NV,2024,industrial,16,5800,0.3625
NV,2024,industrial,27425,3081600,0.11236463000000001
NV,2024,industrial,510277,26489100,0.051911217
NY,2024,industrial,63537,10221000,0.1608669
NY,2024,industrial,270680,9154800,0.033821487000000004
NY,2024,industrial,381055,117953000,0.30954324
NY,2024,industrial,4022,530100,0.1318001
NY,2024,industrial,95100,6882800,0.072374343
NY,2024,industrial,83140,10364000,0.1246572
NY,2024,industrial,1442245,86507000,0.059980794
NY,2024,industrial,57197,5332600,0.093232163
NY,2024,industrial,44137,5731000,0.12984571
NY,2024,industrial,79012,4098800,0.051875663999999995
NY,2024,industrial,90635,4487300,0.049509571
NY,2024,industrial,449220,23048000,0.051306709
OH,2024,industrial,9523,1548300,0.16258531999999998
OH,2024,industrial,13828,1712000,0.12380677000000001
OH,2024,industrial,360103,38396000,0.10662505
OH,2024,industrial,84539,6163000,0.072901265
OH,2024,industrial,543410,50582100,0.093082755
OH,2024,industrial,641354,65913000,0.10277164000000001
OH,2024,industrial,156914,17897000,0.11405611
OH,2024,industrial,106700,12732000,0.11932521
OH,2024,industrial,78842,8911000,0.11302352
OH,2024,industrial,234136,18485000,0.078949841
OH,2024,industrial,62720,4486000,0.071524235
OH,2024,industrial,155323,14590000,0.093933287
OH,2024,industrial,46456,3483000,0.074974169
OH,2024,industrial,108649,10497800,0.09662123
OH,2024,industrial,74040,6559000,0.08858725
OH,2024,industrial,15754,1507000,0.095658246
OH,2024,industrial,93908,12909600,0.13747072
OH,2024,industrial,161398,12389000,0.076760555
OH,2024,industrial,67699,7853000,0.11599876
OH,2024,industrial,94916,12683000,0.13362341
OH,2024,industrial,84589,7386800,0.087325775
OH,2024,industrial,30900,4373400,0.14153398
OH,2024,industrial,103817,11427700,0.11007542000000001
OH,2024,industrial,89625,10125100,0.11297183000000001
OH,2024,industrial,69207,9287400,0.13419741
OH,2024,industrial,61966,3832300,0.061845205
OH,2024,industrial,23407,2300800,0.098295382
OH,2024,industrial,69024,7633900,0.11059775999999999
OH,2024,industrial,116637,15437800,0.13235766
OH,2024,industrial,171430,26027000,0.1518229
OH,2024,industrial,104845,4132000,0.039410558
OH,2024,industrial,76412,6029100,0.078902528
OH,2024,industrial,381969,33710900,0.088255591
OH,2024,industrial,793864,85389000,0.10756124
OH,2024,industrial,46429,6190600,0.13333477
OH,2024,industrial,250752,25289800,0.10085583
OK,2024,industrial,301906,23807000,0.07885567
OK,2024,industrial,188856,12875700,0.068177341
OK,2024,industrial,223000,13420100,0.060179821
OK,2024,industrial,12052,1469800,0.12195486000000001
OK,2024,industrial,106593,5917000,0.055510212
OK,2024,industrial,177170,11162000,0.063001637
OK,2024,industrial,39809,3079000,0.077344319
OK,2024,industrial,116626,11180000,0.095861986
OK,2024,industrial,76420,6593000,0.086273227
OK,2024,industrial,37394,3758100,0.10050008
OK,2024,industrial,348631,21899500,0.062815699
OK,2024,industrial,67089,6529500,0.09732594
OK,2024,industrial,4275283,209567200,0.049018322
OK,2024,industrial,176262,12100600,0.068651212
OK,2024,industrial,250547,15761000,0.062906361
OK,2024,industrial,44218,3697000,0.083608485
OK,2024,industrial,77152,7122000,0.092311282
OK,2024,industrial,33613,2849000,0.084758873
OK,2024,industrial,132140,8957000,0.067784168
OK,2024,industrial,336865,19172000,0.056913007
OK,2024,industrial,7534932,411746800,0.054645058999999996
OK,2024,industrial,9721,1186000,0.12200391
OK,2024,industrial,355260,22483100,0.063286326
OK,2024,industrial,5882233,349700700,0.059450330999999995
OK,2024,industrial,174420,10873000,0.062338035
OK,2024,industrial,184254,10765700,0.058428582
OK,2024,industrial,189454,10551000,0.055691619
OK,2024,industrial,750,100100,0.13346667
OK,2024,industrial,45813,4075000,0.088948552
OK,2024,industrial,399393,36136000,0.090477299
OK,2024,industrial,106739,10807400,0.10125071000000001
OR,2024,industrial,107080,7774700,0.072606462
OR,2024,industrial,592716,30122300,0.050820798
OR,2024,industrial,568533,36992200,0.065066056
OR,2024,industrial,118163,9338000,0.07902643
OR,2024,industrial,358163,14269000,0.039839403
OR,2024,industrial,127870,9215900,0.072072417
OR,2024,industrial,871556,50372300,0.057795826999999994
OR,2024,industrial,148966,8090800,0.054313065
OR,2024,industrial,5121,473400,0.092442882
OR,2024,industrial,42198,3977600,0.094260391
OR,2024,industrial,56649,5283600,0.093269078
OR,2024,industrial,71710,5810700,0.08103054
OR,2024,industrial,331932,28229000,0.085044527
OR,2024,industrial,5823,430400,0.07391379
OR,2024,industrial,37552,3102000,0.082605454
OR,2024,industrial,1263389,100335200,0.079417503
OR,2024,industrial,171374,10343000,0.060353379
OR,2024,industrial,1606528,161511200,0.10053432000000001
OR,2024,industrial,5097435,451099000,0.088495292
OR,2024,industrial,19160,1815000,0.094728601
OR,2024,industrial,16700,1991100,0.11922753999999999
OR,2024,industrial,109865,6342000,0.05772539
OR,2024,industrial,742260,44316100,0.059704282
PA,2024,industrial,42873,4368000,0.10188230000000001
PA,2024,industrial,100908,10568000,0.10472906
PA,2024,industrial,107070,9324800,0.087090688
PA,2024,industrial,21309,2451000,0.11502182
PA,2024,industrial,9598,1182000,0.12315066
PA,2024,industrial,77359,7024000,0.090797451
PA,2024,industrial,63936,8532000,0.13344595
PA,2024,industrial,707946,63189200,0.08925709
PA,2024,industrial,10760,1099000,0.10213755000000001
PA,2024,industrial,561116,42395000,0.075554787
PA,2024,industrial,154926,16938700,0.10933413
PA,2024,industrial,103276,15834300,0.15332023
PA,2024,industrial,81845,9275000,0.11332397
PA,2024,industrial,17226,1695000,0.098397771
PA,2024,industrial,33664,3121000,0.092710314
PA,2024,industrial,23104,2022000,0.087517313
PA,2024,industrial,3955,489000,0.12364096
PA,2024,industrial,13270,1346000,0.10143179999999999
RI,2024,industrial,15422,2542000,0.16482945999999998
RI,2024,industrial,84962,22022900,0.25920882
SC,2024,industrial,200397,14478700,0.072250084
SC,2024,industrial,41760,4263000,0.10208333
SC,2024,industrial,126348,10220700,0.080893247
SC,2024,industrial,154713,13047800,0.084335512
SC,2024,industrial,76605,6367900,0.083126428
SC,2024,industrial,51385,5399000,0.10506957
SC,2024,industrial,230843,21000100,0.090971353
SC,2024,industrial,88057,8767000,0.099560512
SC,2024,industrial,5253133,388812000,0.074015259
SC,2024,industrial,8207655,589568200,0.071831504
SC,2024,industrial,2180767,153607800,0.070437511
SC,2024,industrial,3154,220900,0.070038047
SC,2024,industrial,101091,11004100,0.10885341
SC,2024,industrial,143971,10358000,0.071945044
SC,2024,industrial,15588,1708000,0.10957147
SC,2024,industrial,181956,16351000,0.089862384
SC,2024,industrial,120386,6987800,0.058044954999999995
SC,2024,industrial,158812,11564000,0.072815656
SC,2024,industrial,767621,54669000,0.071218739
SC,2024,industrial,34783,3313300,0.095256303
SC,2024,industrial,175301,14971800,0.085406244
SC,2024,industrial,90949,8025300,0.088239563
SC,2024,industrial,481918,32902100,0.068273233
SC,2024,industrial,5994535,304621700,0.050816569
SC,2024,industrial,27317,3050000,0.11165208
SC,2024,industrial,74091,7443000,0.10045754999999999
SD,2024,industrial,2221,412200,0.18559208000000002
SD,2024,industrial,191926,18098800,0.094300928
SD,2024,industrial,205072,17683400,0.086230202
SD,2024,industrial,180336,14740000,0.081736314
SD,2024,industrial,29176,2692000,0.092267617
SD,2024,industrial,69568,5115600,0.073533809
SD,2024,industrial,51558,4283900,0.083088948
SD,2024,industrial,154215,11976000,0.077657815
SD,2024,industrial,196938,10415300,0.052886188
SD,2024,industrial,4602,522000,0.11342893999999999
SD,2024,industrial,438660,34748000,0.07921397
SD,2024,industrial,104955,8866900,0.084482874
SD,2024,industrial,402544,37734100,0.09373907
SD,2024,industrial,757,77600,0.10250991000000001
SD,2024,industrial,408323,35540800,0.087040897
SD,2024,industrial,331265,26822800,0.080970824
SD,2024,industrial,2987,55400,0.018547037
SD,2024,industrial,141558,10216000,0.072168299
SD,2024,industrial,36394,3797000,0.10433038
TN,2024,industrial,83719,5475000,0.065397341
TN,2024,industrial,328142,18919000,0.057654918000000006
TN,2024,industrial,27312,2668000,0.097685999
TN,2024,industrial,18493,1369000,0.074028011
TN,2024,industrial,65012,4498000,0.069187227
TN,2024,industrial,194048,10065000,0.05186861
TN,2024,industrial,29927,1736000,0.058007818999999995
TN,2024,industrial,1098,158000,0.143898
TN,2024,industrial,105803,7205000,0.068098258
TN,2024,industrial,75259,4884000,0.064895893
TN,2024,industrial,1230085,80555000,0.065487344
TN,2024,industrial,69522,4293000,0.061750237
TN,2024,industrial,254629,17967000,0.070561484
TN,2024,industrial,247931,16618000,0.067026713
TN,2024,industrial,48321,3048000,0.063078165
TN,2024,industrial,81335,5682000,0.069859224
TN,2024,industrial,91526,6054000,0.066145139
TN,2024,industrial,140180,11146000,0.079512056
TN,2024,industrial,104658,7554000,0.072177951
TN,2024,industrial,33605,2488000,0.074036602
TN,2024,industrial,72728,4518000,0.062121879
TN,2024,industrial,95041,6202000,0.065256047
TN,2024,industrial,192056,10869000,0.056592869
TN,2024,industrial,337182,21958000,0.0651221
TN,2024,industrial,68619,3478000,0.050685669999999995
TN,2024,industrial,105315,6215000,0.059013435999999996
TN,2024,industrial,691744,43265000,0.062544814
TN,2024,industrial,107108,5791000,0.054066922999999996
TN,2024,industrial,15307,1537000,0.10041158
TN,2024,industrial,73971,5937000,0.080261183
TN,2024,industrial,215263,12639000,0.058714224
TN,2024,industrial,160155,10895000,0.068027848
TN,2024,industrial,36670,3027000,0.082547041
TN,2024,industrial,1740384,123814600,0.071142116
TN,2024,industrial,17572,1636000,0.093102663
TN,2024,industrial,446774,30466000,0.068191076
TN,2024,industrial,61876,5143000,0.083117849
TN,2024,industrial,59405,4805000,0.080885447
TN,2024,industrial,145129,9803000,0.067546803
TN,2024,industrial,10861,877000,0.080747629
TN,2024,industrial,160316,8921000,0.055646348000000005
TN,2024,industrial,146930,12937000,0.088048731
TN,2024,industrial,23360,1982000,0.08484589
TN,2024,industrial,26471,2029000,0.076649919
TN,2024,industrial,94363,6812000,0.072189311
TN,2024,industrial,41750,2528000,0.060550898
TN,2024,industrial,50022,4138000,0.082723602
TN,2024,industrial,70841,4212000,0.059457094
TN,2024,industrial,51510,4612000,0.089536012
TN,2024,industrial,8595,686000,0.079813845
TN,2024,industrial,159681,11323000,0.070910127
TN,2024,industrial,28330,2756000,0.097282033
TN,2024,industrial,174592,10568000,0.060529691999999996
TN,2024,industrial,670899,45337000,0.067576491
TN,2024,industrial,282324,19466000,0.068949151
TN,2024,industrial,9,2200,0.24444444
TN,2024,industrial,46817,3722000,0.079501036
TN,2024,industrial,156161,10281000,0.0658359
TN,2024,industrial,269667,19513000,0.072359614
TN,2024,industrial,224295,11735000,0.05231949
TN,2024,industrial,780515,72743000,0.093198721
TN,2024,industrial,1016780,52491000,0.051624737
TN,2024,industrial,239473,16238000,0.067807227
TN,2024,industrial,263561,15597000,0.059177951
TN,2024,industrial,10590,1019000,0.096222852
TN,2024,industrial,516157,30409000,0.058914245000000004
TN,2024,industrial,848729,56766000,0.06688354
TN,2024,industrial,96185,5692000,0.059177626
TN,2024,industrial,917818,69388000,0.075601045
TN,2024,industrial,13376,1240000,0.092703349
TN,2024,industrial,141216,7218000,0.051113188000000004
TN,2024,industrial,157209,9158000,0.058253662000000005
TN,2024,industrial,130459,10848000,0.083152561
TN,2024,industrial,55201,3624000,0.065650985
TN,2024,industrial,383,63000,0.16449086000000002
TN,2024,industrial,17304,1184000,0.068423486
TN,2024,industrial,6613538,323844900,0.048966967
TN,2024,industrial,8689,729000,0.083899183
TN,2024,industrial,46257,3790000,0.081933545
TN,2024,industrial,10809,771000,0.071329448
TN,2024,industrial,18146,1571000,0.086575554
TN,2024,industrial,119988,9913000,0.082616595
TN,2024,industrial,456245,27334000,0.059910794
TN,2024,industrial,32733,3062000,0.093544741
TX,2024,industrial,171602,12995400,0.075729887
TX,2024,industrial,3216894,219668600,0.06828593
TX,2024,industrial,989891,62297000,0.062933192
TX,2024,industrial,23432998,1206903000,0.051504421
TX,2024,industrial,248195,19119000,0.077032172
TX,2024,industrial,18566,1671000,0.090003232
TX,2024,industrial,10799,1274700,0.11803870999999999
TX,2024,industrial,740804,75739300,0.10223932
TX,2024,industrial,39904,3747500,0.093912891
TX,2024,industrial,361561,23598500,0.065268378
TX,2024,industrial,193604,6417000,0.033144976
TX,2024,industrial,278655,18625700,0.066841435
TX,2024,industrial,124503,6949000,0.055813916
TX,2024,industrial,116218,8949100,0.077002702
TX,2024,industrial,161336,12856000,0.079684633
TX,2024,industrial,614906,59792000,0.097237627
TX,2024,industrial,319696,21172000,0.066225414
TX,2024,industrial,118481,14637400,0.12354217
TX,2024,industrial,31303,2308000,0.073730952
TX,2024,industrial,580021,52854300,0.091124804
TX,2024,industrial,565237,50030900,0.088513137
TX,2024,industrial,2422,240000,0.09909166
TX,2024,industrial,139646,10918000,0.078183407
TX,2024,industrial,46226,5041000,0.10905118
TX,2024,industrial,434351,23738200,0.054652113
TX,2024,industrial,247352,12326100,0.049832223
TX,2024,industrial,1400738,70547600,0.050364594
TX,2024,industrial,51431,4065000,0.079037934
TX,2024,industrial,602401,42132800,0.069941451
TX,2024,industrial,136951,9577000,0.069930121
TX,2024,industrial,1543171,175840600,0.11394757999999999
TX,2024,industrial,7459231,663965500,0.089012594
TX,2024,industrial,2626421,207620300,0.079050655
TX,2024,industrial,981503,45081000,0.045930578
TX,2024,industrial,3307,91900,0.027789537000000003
TX,2024,industrial,9488792,557027600,0.058703741999999996
TX,2024,industrial,460,146000,0.3173913
TX,2024,industrial,191999,11921000,0.062088865
TX,2024,industrial,127810,9650000,0.075502699
TX,2024,industrial,158623,12927000,0.081495117
TX,2024,industrial,1353,151000,0.11160384000000001
TX,2024,industrial,1219504,65823000,0.053975223
TX,2024,industrial,7411,728000,0.098232357
TX,2024,industrial,207001,11559000,0.055840310000000004
TX,2024,industrial,129188,9848700,0.076235409
TX,2024,industrial,764116,46174000,0.060427998000000004
TX,2024,industrial,135696,11484000,0.08463035
TX,2024,industrial,629504,38785000,0.061611999
TX,2024,industrial,269268,20496000,0.076117474
TX,2024,industrial,162579,11024000,0.067807035
TX,2024,industrial,148949,19558200,0.13130803
TX,2024,industrial,409289,36403000,0.088942043
TX,2024,industrial,6823040,261812700,0.038371854999999996
TX,2024,industrial,603427,50248900,0.083272542
TX,2024,industrial,862775,64484000,0.074740228
TX,2024,industrial,314315,28350600,0.09019805
TX,2024,industrial,591581,35031200,0.059216236000000005
TX,2024,industrial,242553,17828000,0.073501462
TX,2024,industrial,100392,9248000,0.092118894
TX,2024,industrial,275762,18736000,0.067942646
TX,2024,industrial,1990,492300,0.24738693
TX,2024,industrial,29305,2265500,0.077307627
TX,2024,industrial,370182,23642500,0.063867233
TX,2024,industrial,904899,59400500,0.065643238
TX,2024,industrial,21428482,1440332200,0.067215783
TX,2024,industrial,342551,34971700,0.10209194999999999
TX,2024,industrial,122467,8985300,0.073369153
TX,2024,industrial,506185,45377000,0.08964509
TX,2024,industrial,221040,19728700,0.089253981
TX,2024,industrial,74369,6581000,0.088491172
TX,2024,industrial,634362,49340800,0.077780195
TX,2024,industrial,240181,18415000,0.076671344
TX,2024,industrial,240,36100,0.15041667
TX,2024,industrial,2864010,177721900,0.062053519
TX,2024,industrial,7714759,375808400,0.048712914999999996
TX,2024,industrial,43156902,2949897000,0.068352844
TX,2024,industrial,16648,322000,0.019341663
TX,2024,industrial,257744,13843900,0.053711823
TX,2024,industrial,8295451,322353200,0.038859032
TX,2024,industrial,1480,138000,0.093243243
TX,2024,industrial,6496,564000,0.08682266
TX,2024,industrial,803035,45135500,0.056206143
TX,2024,industrial,1210,192500,0.15909091
TX,2024,industrial,11389,1598600,0.14036351
TX,2024,industrial,100539,5869700,0.058382319
TX,2024,industrial,843789,78779000,0.093363388
TX,2024,industrial,125844,9490000,0.075410826
TX,2024,industrial,252604,19627300,0.077699878
TX,2024,industrial,29370,3227000,0.10987401999999999
TX,2024,industrial,112212,9270000,0.082611485
TX,2024,industrial,5775839,245288000,0.042467943
UT,2024,industrial,35238,2844500,0.080722515
UT,2024,industrial,108086,9750300,0.090208723
UT,2024,industrial,43056,2599000,0.060363248
UT,2024,industrial,77961,6980900,0.08954349
UT,2024,industrial,22953,1595100,0.069494184
UT,2024,industrial,15,4200,0.28
UT,2024,industrial,19039,1266800,0.066537108
UT,2024,industrial,309373,32209100,0.10411089999999999
UT,2024,industrial,9450,688500,0.072857143
UT,2024,industrial,291961,15003000,0.051387
UT,2024,industrial,7219111,566424000,0.078461739
UT,2024,industrial,132797,8895700,0.066987206
UT,2024,industrial,29752,1525000,0.051257058
UT,2024,industrial,57312,3864000,0.067420436
UT,2024,industrial,2925,382200,0.13066667
UT,2024,industrial,2376,72700,0.030597642999999997
UT,2024,industrial,18542,1159000,0.062506741
VA,2024,industrial,165066,16022000,0.097064205
VA,2024,industrial,4527177,472252000,0.1043149
VA,2024,industrial,71743,4749000,0.066194611
VA,2024,industrial,106787,10280000,0.096266399
VA,2024,industrial,236969,17181900,0.072506952
VA,2024,industrial,113817,9173000,0.080594287
VA,2024,industrial,37487,2775000,0.074025662
VA,2024,industrial,121361,15670400,0.12912221000000002
VA,2024,industrial,71135,8812600,0.12388557
VA,2024,industrial,191222,16249300,0.084976101
VA,2024,industrial,22272,1649000,0.074039152
VA,2024,industrial,14962,1049000,0.070110948
VA,2024,industrial,117968,11698000,0.099162485
VA,2024,industrial,1287079,112782000,0.087626323
VA,2024,industrial,679294,61845600,0.091043937
VA,2024,industrial,69237,6351900,0.09174141
VA,2024,industrial,4073194,323174200,0.079341716
VA,2024,industrial,9460,1096000,0.11585624
VT,2024,industrial,64937,8909200,0.13719759
VT,2024,industrial,1020096,110540000,0.10836235
VT,2024,industrial,100533,12968700,0.12899943
WA,2024,industrial,1067474,83254000,0.077991595
WA,2024,industrial,218406,14599000,0.066843402
WA,2024,industrial,342029,22904900,0.066967713
WA,2024,industrial,546474,7256000,0.01327785
WA,2024,industrial,105963,10385900,0.098014401
WA,2024,industrial,9078,642000,0.070720423
WA,2024,industrial,125070,5914000,0.04728552
WA,2024,industrial,163887,10031000,0.061206807
WA,2024,industrial,693409,69995600,0.10094418
WA,2024,industrial,2081037,160128600,0.076946542
WA,2024,industrial,228253,18152100,0.079526227
WA,2024,industrial,99958,6478100,0.064808219
WA,2024,industrial,0,300,
WA,2024,industrial,58861,4796000,0.081480097
WA,2024,industrial,511637,28517900,0.055738541
WA,2024,industrial,470409,16128500,0.034286121
WA,2024,industrial,19771,1512900,0.076521167
WA,2024,industrial,737975,44592900,0.060426031
WA,2024,industrial,2991042,146466000,0.048968219
WA,2024,industrial,47373,1367000,0.028856099
WA,2024,industrial,272401,17730000,0.065087867
WA,2024,industrial,111396,6463000,0.058018241
WA,2024,industrial,98557,5913700,0.060002841
WA,2024,industrial,105219,6642000,0.063125481
WA,2024,industrial,278086,17921700,0.06444661
WA,2024,industrial,13173,934600,0.070948152
WA,2024,industrial,21874,1696900,0.077576118
WA,2024,industrial,440362,33545000,0.076175964
WA,2024,industrial,228736,10702000,0.046787563
WA,2024,industrial,1881611,74887300,0.039799565
WA,2024,industrial,23911,1439000,0.060181506
WA,2024,industrial,42754,3302000,0.07723254
WA,2024,industrial,931940,77516900,0.083177994
WA,2024,industrial,1057368,131869100,0.12471448
WI,2024,industrial,241188,22091000,0.091592451
WI,2024,industrial,5869,510100,0.086914295
WI,2024,industrial,87706,7171000,0.081761795
WI,2024,industrial,4248,494200,0.11633710000000001
WI,2024,industrial,11847,920700,0.077715877
WI,2024,industrial,479,137000,0.28601253
WI,2024,industrial,4314,345000,0.079972184
WI,2024,industrial,31988,2720400,0.085044392
WI,2024,industrial,9282,1059200,0.11411334000000001
WI,2024,industrial,356560,26858700,0.075327294
WI,2024,industrial,172841,14823000,0.085760902
WI,2024,industrial,358564,25110400,0.070030455
WI,2024,industrial,102174,7987900,0.07817938
WI,2024,industrial,51813,4322900,0.083432729
WI,2024,industrial,12921,1242400,0.096153548
WI,2024,industrial,18709,1718600,0.091859533
WI,2024,industrial,13903,1155800,0.083133137
WI,2024,industrial,431003,26740300,0.062042028
WI,2024,industrial,14638,1406000,0.096051373
WI,2024,industrial,52495,4402000,0.083855605
WI,2024,industrial,169306,12756900,0.075348186
WI,2024,industrial,16469,1297500,0.078784383
WI,2024,industrial,15959,1346000,0.084341124
WI,2024,industrial,141976,12984000,0.091452076
WI,2024,industrial,314816,23938000,0.076038067
WI,2024,industrial,120190,9809200,0.081614111
WI,2024,industrial,3076,294700,0.095806242
WI,2024,industrial,2093919,177930600,0.08497492
WI,2024,industrial,41097,3690600,0.089802175
WI,2024,industrial,172767,14968000,0.086636916
WI,2024,industrial,26911,2380800,0.088469399
WI,2024,industrial,5486,614000,0.11192125000000001
WI,2024,industrial,93,26100,0.28064516
WI,2024,industrial,124437,10679800,0.085824956
WI,2024,industrial,18952,1830900,0.096607218
WI,2024,industrial,167338,9267000,0.055378934
WI,2024,industrial,42479,5155300,0.12136113999999999
WI,2024,industrial,217743,19329800,0.088773462
WI,2024,industrial,31300,2579900,0.08242492
WI,2024,industrial,818646,67168200,0.082047918
WI,2024,industrial,4584,456000,0.09947644
WI,2024,industrial,39472,3349400,0.084855087
WI,2024,industrial,12052,1187600,0.098539661
WI,2024,industrial,23980,2019100,0.084199333
WI,2024,industrial,36154,2704500,0.074805001
WI,2024,industrial,4526,782000,0.1727795
WI,2024,industrial,5988,518400,0.086573146
WI,2024,industrial,6497522,604938000,0.093102878
WI,2024,industrial,5088387,455118000,0.089442489
WI,2024,industrial,3810867,274041000,0.071910408
WI,2024,industrial,48336,4324000,0.089457133
WV,2024,industrial,3883180,340280000,0.087629211
WV,2024,industrial,5567182,428976700,0.077054549
WV,2024,industrial,986928,73423300,0.074395802
WV,2024,industrial,4213488,301447000,0.071543339
WY,2024,industrial,115609,10528100,0.091066439
WY,2024,industrial,168031,14609200,0.086943481
WY,2024,industrial,688988,56291000,0.081700988
WY,2024,industrial,197290,20705200,0.10494805
WY,2024,industrial,32626,1725000,0.052871943000000005
WY,2024,industrial,1799,184000,0.10227904
WY,2024,industrial,6289091,485288900,0.0771636
WY,2024,industrial,957873,68804800,0.071830817
WY,2024,industrial,9671,29600,0.003060697
AK,2024,industrial,111952,28414600,
AL,2024,industrial,382274,33218400,
AR,2024,industrial,152125,19574300,
AZ,2024,industrial,640519,52467400,
CA,2024,industrial,296971,55454800,
CO,2024,industrial,111538,15560800,
CT,2024,industrial,19944,3282600,
DE,2024,industrial,145064,18293400,
FL,2024,industrial,39979,5612100,
GA,2024,industrial,823016,81974600,
IA,2024,industrial,1485177,124312500,
ID,2024,industrial,202009,13209900,
IL,2024,industrial,485568,53697100,
IN,2024,industrial,1242808,129243400,
KS,2024,industrial,609380,62841200,
KY,2024,industrial,299063,26461700,
LA,2024,industrial,148908,13766600,
MA,2024,industrial,419916,71533100,
MD,2024,industrial,41494,3868800,
ME,2024,industrial,13264,1967100,
MI,2024,industrial,474244,50217400,
MN,2024,industrial,1501638,148848800,
MO,2024,industrial,865211,85403100,
MS,2024,industrial,136145,17216900,
MT,2024,industrial,414262,41165700,
NC,2024,industrial,331410,31812000,
ND,2024,industrial,57564,6614700,
NE,2024,industrial,1618853,171683000,
NH,2024,industrial,62859,9507100,
NJ,2024,industrial,17639,2565400,
NM,2024,industrial,95480,12154600,
NV,2024,industrial,130287,10962400,
NY,2024,industrial,590877,31249400,
OH,2024,industrial,1477374,147838000,
OK,2024,industrial,438508,35803400,
OR,2024,industrial,445177,32544600,
PA,2024,industrial,261686,32746200,
SC,2024,industrial,127252,15578000,
SD,2024,industrial,402604,33983800,
TX,2024,industrial,489788,44151600,
UT,2024,industrial,300883,26627100,
VA,2024,industrial,179697,19925800,
VT,2024,industrial,91103,15397200,
WA,2024,industrial,136963,11764100,
WI,2024,industrial,876637,82683100,
WV,2024,industrial,204,18700,
WY,2024,industrial,513220,55917400,
,2024,industrial,,,
